﻿<?xml version="1.0" encoding="utf-8" ?>
<Defs>

<!-- ########## Vitalizing Food ########## -->
<ThingDef ParentName="MealRottable">
    <defName>IAmHungry_BakedGoods</defName>
    <label>baked goods</label>
    <description>Fresh, warm and crunchy bakery products made with much love and strong hands.\n\nHelps vital strength.</description>
    <graphicData>
    <texPath>Things/Meal/BakedGoods</texPath>
	  <graphicClass>Graphic_StackCount</graphicClass>
    </graphicData>
    <statBases>
         <DeteriorationRate>2</DeteriorationRate>
         <MarketValue>80</MarketValue>
         <WorkToMake>2000</WorkToMake>
         <Nutrition>1</Nutrition>
    </statBases>
    <ingestible>
		<preferability>MealLavish</preferability>
		<tasteThought>AteProperMeal_Strength</tasteThought>
		<ingestEffect>EatVegetarian</ingestEffect>
		<joyKind>Gluttonous</joyKind>
		<joy>0.2</joy>
		<maxNumToIngestAtOnce>1</maxNumToIngestAtOnce>
		<ingestSound>Meal_Eat</ingestSound>
		<outcomeDoers>
		<li Class="IngestionOutcomeDoer_GiveHediff">
		 <hediffDef>Trunken_hediff_Baked</hediffDef>
		 <severity>0.25</severity>
		</li>
		</outcomeDoers>
    </ingestible>
    <thingCategories Inherit="False">
	  <li>ProperMeals</li>
    </thingCategories>
	<tradeability>Sellable</tradeability>
</ThingDef>

<ThingDef ParentName="MealRottable">
    <defName>IAmHungry_Haunch</defName>
    <label>haunch</label>
    <description>Cooked in a hot oven at optimal temperature or above a fire. A meal for a man. Barbarian Warlords had persistent wars, because of this juicy dish of magic.\n\nTastes like victory and makes you want to dance with the Valkyries.</description>
    <graphicData>
    <texPath>Things/Food/Haunch</texPath>
	  <graphicClass>Graphic_StackCount</graphicClass>
    </graphicData>
    <statBases>
		<DeteriorationRate>4</DeteriorationRate>
        <MarketValue>60</MarketValue>
        <WorkToMake>800</WorkToMake>
      	<Nutrition>1</Nutrition>
    </statBases>
    <ingestible>
        <preferability>MealLavish</preferability>
		<tasteThought>AteProperMeal_Perfect</tasteThought>
        <ingestEffect>EatMeat</ingestEffect>
        <ingestSound>Meal_Eat</ingestSound>
        <outcomeDoers>
        <li Class="IngestionOutcomeDoer_GiveHediff">
          <hediffDef>Trunken_hediff_Haunch</hediffDef>
          <severity>0.25</severity>
        </li>
        </outcomeDoers>
    </ingestible>
    <thingCategories Inherit="False">
	  <li>ProperMeals</li>
    </thingCategories>
</ThingDef>

<ThingDef ParentName="MealRottable">
    <defName>IAmHungry_Salmon</defName>
    <label>fresh seafood</label>
    <description>A fish filet fried in a small amount of very hot oil. Carries the flavor of any ingredient in a unique way.\n\nTastes like a sea breeze.</description>
    <graphicData>
    <texPath>Things/Meal/Salmon</texPath>
	  <graphicClass>Graphic_StackCount</graphicClass>
    </graphicData>
    <statBases>
		<DeteriorationRate>8</DeteriorationRate>
        <MarketValue>90</MarketValue>
        <WorkToMake>900</WorkToMake>
      	<Nutrition>1</Nutrition>
    </statBases>
    <ingestible>
        <preferability>MealLavish</preferability>
		<tasteThought>AteProperMeal_Seafood</tasteThought>
        <ingestEffect>EatMeat</ingestEffect>
		<joyKind>Meditative</joyKind>
		<joy>0.1</joy>
		<maxNumToIngestAtOnce>1</maxNumToIngestAtOnce>
        <ingestSound>Meal_Eat</ingestSound>
        <outcomeDoers>
        <li Class="IngestionOutcomeDoer_GiveHediff">
          <hediffDef>Trunken_hediff_Seabreeze</hediffDef>
          <severity>0.25</severity>
        </li>
        </outcomeDoers>
    </ingestible>
    <thingCategories Inherit="False">
	  <li>ProperMeals</li>
    </thingCategories>
</ThingDef>
<!-- luxurious Reliefs -->
<ThingDef ParentName="MealRottable">
    <defName>IAmHungry_Steak</defName>
    <label>premium steak</label>
    <description>A finely arranged deluxe steak, kissed by the flames. The right choice for any Ascetic.\n\nRevives the health system with its primal taste.</description>
    <graphicData>
    <texPath>Things/Meal/Steak</texPath>
	  <graphicClass>Graphic_StackCount</graphicClass>
    </graphicData>
    <statBases>
		<DeteriorationRate>12</DeteriorationRate>
        <MarketValue>100</MarketValue>
        <WorkToMake>1500</WorkToMake>
      	<Nutrition>1</Nutrition>
    </statBases>
    <ingestible>
        <preferability>MealLavish</preferability>
		<tasteThought>AteProperMeal_Luxus</tasteThought>
        <ingestEffect>EatMeat</ingestEffect>
		<joyKind>Meditative</joyKind>
		<joy>0.2</joy>
		<maxNumToIngestAtOnce>1</maxNumToIngestAtOnce>
        <ingestSound>Meal_Eat</ingestSound>
        <outcomeDoers>
        <li Class="IngestionOutcomeDoer_OffsetNeed">
          <need>Rest</need>
          <offset>-0.2</offset>
		</li>
        <li Class="IngestionOutcomeDoer_GiveHediff">
          <hediffDef>Trunken_hediff_PowerUp</hediffDef>
          <severity>0.25</severity>
        </li>
        </outcomeDoers>
    </ingestible>
    <thingCategories Inherit="False">
	  <li>ProperMeals</li>
    </thingCategories>
	<tradeability>Sellable</tradeability>
</ThingDef>

</Defs>