<?xml version="1.0" encoding="utf-8" ?>
<Defs>

	<ThingCategoryDef>
	  <defName>ProperMeals</defName>
	  <label>Proper Meals</label>
	  <parent>Foods</parent>
	  <resourceReadoutRoot>true</resourceReadoutRoot>
	  <iconPath>Ui/Icons/ThingCategories/FoodMeals</iconPath>
	</ThingCategoryDef>

	<ThingCategoryDef>
	  <defName>FoodProcessed</defName>
	  <label>Processed</label>
	  <parent>Foods</parent>
	  <resourceReadoutRoot>true</resourceReadoutRoot>
	  <iconPath>Ui/Icons/ThingCategories/FoodMeals</iconPath>
	</ThingCategoryDef>

</Defs>